id,indexed_date,language,media_name,media_url,publish_date,title,url
fadfc071c868ad01c365cb7de573db69d3f5d2f32e9d6fa666922e53841e25eb,2025-04-01 16:24:01.274075+00:00,en,usatoday.com,usatoday.com,2025-03-31,Trump travel ban delayed as U.S. continues to revoke visas,https://www.usatoday.com/story/news/world/2025/03/31/trump-travel-ban-visa-restrictions-delayed/82744274007/
4d283d47a0d750ac78005d03ad66f95815f1e911d3f703b2b267a5b5f9faa3d1,2025-04-01 11:28:36.696584+00:00,en,foxnews.com,foxnews.com,2025-03-31,Tufts University student arrest generates 10x more coverage from legacy news than MS-13 gang leader: study,https://www.foxnews.com/media/tufts-university-student-arrest-generates-10x-more-coverage-from-legacy-news-than-ms-13-gang-leader-study
a297fb195e1a425f725cc5497bfb2eda707698066c1bafe073b3e408c59ce2b4,2025-04-01 09:31:02.093599+00:00,en,foxnews.com,foxnews.com,2025-03-31,"Colleges in ICE's deportation crosshairs shelled out discounts, financial aid to illegal immigrants: GOP rep",https://www.foxnews.com/us/colleges-ices-deportation-crosshairs-spent-years-courting-illegals-discounts-financial-aid-gop-rep
ada6aa55580cb8baa8e053a4a7ecd3d070e3a5295bbae68bccd618a7f85d2d9f,2025-03-31 19:26:54.691426+00:00,en,cbsnews.com,cbsnews.com,2025-03-31,Trump's crackdown on students with visas and green cards sets up First Amendment showdown,https://www.cbsnews.com/miami/news/student-protesters-visas-green-cards-trump-ice-detentions-free-speech/
ade288fd5cf6d4cd92321b925feca267800963119645526d995ad3b969aeaa82,2025-03-31 19:19:47.456609+00:00,en,cbsnews.com,cbsnews.com,2025-03-31,Trump's crackdown on students with visas and green cards sets up First Amendment showdown,https://www.cbsnews.com/sanfrancisco/news/student-protesters-visas-green-cards-trump-ice-detentions-free-speech/
50bc3147ab71f9faaf8fe7d29ed48ea2406c4ab0ea463f52ecaaa9acefce911b,2025-03-31 19:18:51.587182+00:00,en,nypost.com,nypost.com,2025-03-31,University of Minnesota grad student’s visa revoked over DUI — not student protests: DHS,https://nypost.com/2025/03/31/us-news/visa-revoked-for-grad-student-at-university-of-minnesota-over-dui-not-protests-dhs/
cfd154fb6fbe5b0b84063b2fa8b5c0fe191b42137d55901ec2f63f5941e512c6,2025-03-31 18:32:19.726923+00:00,en,cbsnews.com,cbsnews.com,2025-03-31,Trump's crackdown on students with visas and green cards sets up First Amendment showdown,https://www.cbsnews.com/texas/news/student-protesters-visas-green-cards-trump-ice-detentions-free-speech/
ee3ebdd112f6f9d8468d00c11e8e095513b9b5fce4bc454aacfbc23648b53798,2025-03-31 17:19:15.689286+00:00,en,cbsnews.com,cbsnews.com,2025-03-31,Trump's crackdown on students with visas and green cards sets up First Amendment showdown,https://www.cbsnews.com/newyork/news/student-protesters-visas-green-cards-trump-ice-detentions-free-speech/
f159384ff1882c87e549290ccf8b323c364c7d4816c877a3ed3ee28272ffa5b4,2025-03-31 16:26:50.779139+00:00,en,cbsnews.com,cbsnews.com,2025-03-31,Trump's crackdown on students with visas and green cards sets up First Amendment showdown,https://www.cbsnews.com/news/student-protesters-visas-green-cards-trump-ice-detentions-free-speech/
90e2151ff8a8cb9863072f8fb54637541c2b05e11b5ff825b50fde8f60e27263,2025-03-31 13:35:16.961604+00:00,en,forbes.com,forbes.com,2025-03-31,Trump Immigration Policies Increase Peril For International Students,https://www.forbes.com/sites/stuartanderson/2025/03/31/trump-immigration-policies-increase-peril-for-international-students/
872e1c368740c741b7779735b001d9846f966824569b4f36052ae62e5d701729,2025-03-31 11:24:07.788329+00:00,en,cnn.com,cnn.com,2025-03-31,What we know about the college activists detained by federal agents,https://www.cnn.com/2025/03/31/us/what-we-know-college-activists-immigration-hnk/index.html
a1897a86f61b65a643e68ffb24c95fd5962af068d11908354388e9c3f3ac33a0,2025-03-31 03:22:37.110521+00:00,en,dailymail.co.uk,dailymail.co.uk,2025-03-30,Two more students in Minnesota and Alabama are detained by ICE as Trump's campus crackdown continues,https://www.dailymail.co.uk/news/article-14552617/two-students-minnesota-alabama-detained-ice-alireza-doroudi.html?ns_mchannel=rss&ns_campaign=1490&ito=1490
659c466f6a7b278613c8ef9cd637e7745395b2d18b40144cc35ec62539d30e07,2025-03-31 01:17:43.511614+00:00,en,yahoo.com,yahoo.com,2025-03-29,Where All the SEC Cases Are,https://finance.yahoo.com/news/where-sec-cases-133000422.html
30aae7c27345d1815a5078e436d2fdae49d4ca58c52069c846c95fd1f61f2f30,2025-03-30 23:18:28.542792+00:00,en,nypost.com,nypost.com,2025-03-30,ICE detains international grad student at University of Minnesota in latest federal crackdown,https://nypost.com/2025/03/30/us-news/ice-detains-international-grad-student-at-university-of-minnesota-in-federal-crackdown-continues/
274a805aea2625cc3eadb166131bb6facceeea0a05ada06dde714c989d605758,2025-03-30 22:21:46.405002+00:00,en,newsweek.com,newsweek.com,2025-03-30,"Republican Party's HQ set ablaze, tagged with ""ICE=KKK"" in New Mexico",https://www.newsweek.com/republican-party-hq-set-ablaze-tagged-ice-kkk-new-mexico-2052808
22e0c8a9a72390a18ea16ad49c3d15b3511bc13a244535fcbce80b2bf7ecc97c,2025-03-30 20:26:33.622156+00:00,en,huffpost.com,huffpost.com,2025-03-29,Ayanna Pressley Calls Trump A 'Dictator' After Feds Grab Tufts Student Off The Street,https://www.huffpost.com/entry/ayanna-pressley-trump-dictator-tufts_n_67e81b65e4b0f0380605ebc0
0d4011cf270d01b8ef4ab552ee9142c99955fc2a347ee392b8d25ae55ea430b7,2025-03-30 19:39:25.439520+00:00,en,theguardian.com,theguardian.com,2025-03-30,Why Trump’s brutal crackdown on free speech is unprecedented in the US,https://www.theguardian.com/us-news/2025/mar/30/trump-crackdown-free-speech
62ff1795495d82852b0e30b1bc34350e8d22fc6e891f40c040f273c116803b58,2025-03-30 19:39:15.438461+00:00,en,theguardian.com,theguardian.com,2025-03-30,‘It’s very much relevant today’: the one-woman show on Charlottesville,https://www.theguardian.com/us-news/2025/mar/30/charlottesville-play-priyanka-shetty
85ed7ffa6507b307fb7bb08a54e56be157c1dec57750e4e8dadaf24385bf2865,2025-03-30 13:19:55.504771+00:00,en,newsweek.com,newsweek.com,2025-03-30,Tim Walz demands answers after university student detained by ICE,https://www.newsweek.com/tim-walz-university-minnesota-student-detained-ice-immigration-2052731
6e8ad1cb87cf458df05b324fd2d42e90d7bcbf696432370dc03cb7488a13c3e2,2025-03-30 11:23:02.740026+00:00,en,cnn.com,cnn.com,2025-03-29,"Immigration officials silent after another graduate student detained – this time, at the University of Minnesota",https://www.cnn.com/2025/03/29/us/university-of-minnesota-student-detained-ice/index.html
cc88478152f03209851b64deef2e89f1475faf597d8c464459d7eb8637ed2928,2025-03-30 08:20:56.620501+00:00,en,theguardian.com,theguardian.com,2025-03-30,"Just like McCarthy, Trump spreads fear everywhere before picking off his targets",https://www.theguardian.com/commentisfree/2025/mar/30/just-like-mccarthy-trump-spreads-fear-everywhere-before-picking-off-his-targets
d8a09b76d1db44a0bd79d35760027cd73908f6db958528d4fc81efad186e089d,2025-03-30 02:20:59.923817+00:00,en,nbcnews.com,nbcnews.com,2025-03-30,University of Minnesota says graduate student was detained by ICE,https://www.nbcnews.com/news/education/university-minnesota-says-graduate-student-was-detained-ice-rcna198741
3344ecac10c1df348a4e512c5c305faf05d50ab4fcfd8e18da5ece3a3feeb595,2025-03-29 20:34:04.200244+00:00,en,huffpost.com,huffpost.com,2025-03-28,Columbia Activist Mahmoud Khalil's Lawyers Urge Judge To Keep Case In New Jersey,https://www.huffpost.com/entry/ap-us-campus-protests-immigration_n_67e70735e4b0b1cf1ccbf2a3
8785453ef7751355d8e57bdc940b498676aae1acedd2d692fcb34805f58481c2,2025-03-29 20:33:58.820937+00:00,en,huffpost.com,huffpost.com,2025-03-28,Rubio Says They've Revoked At Least 300 Student Visas Related To Campus Protests,https://www.huffpost.com/entry/rubio-says-hundreds-student-visa-revoked_n_67e69fe1e4b0f69ef1d35b7d
98a9449ed5340d8e42845a1fbab0232ad44e656b8251a96d6102d1413751af45,2025-03-29 20:32:48.844737+00:00,en,huffpost.com,huffpost.com,2025-03-28,"Free Speech Under Attack, Says Lawyer For Tufts Student Scooped Up By ICE",https://www.huffpost.com/entry/free-speech-under-attack-says-lawyer-for-tufts-student-scooped-up-by-ice_n_67e6c7ede4b0f69ef1d387c3
a5ce0b9ad45dcc2f3026f8d3d20135ec975da162303c9f7475e0f48f800dbda8,2025-03-29 20:31:05.993790+00:00,en,breitbart.com,breitbart.com,2025-03-28,Van Hollen: Trump Using 'Secret Police' Operations like 'Authoritarian Regimes',https://www.breitbart.com/clips/2025/03/28/van-hollen-trump-using-secret-police-operations-like-authoritarian-regimes/
d1d6f17dc0fa6aa4b30e354cd859d2ad8c87ab8e856092df97cfee412b52d9d7,2025-03-29 19:35:41.206986+00:00,en,theguardian.com,theguardian.com,2025-03-29,‘Detention Alley’: inside the Ice centres in the US south where foreign students and undocumented migrants languish,https://www.theguardian.com/us-news/2025/mar/29/ice-detention-centers-immigration-asylum
ec03940f847fc279246f85f0f79742259ccce5902b5a7cd9d551374aad89d468,2025-03-29 19:24:06.749685+00:00,en,dailymail.co.uk,dailymail.co.uk,2025-03-29,Fresh twist in case of Turkish Tufts student Rumeysa Ozturk who was detained by ICE,https://www.dailymail.co.uk/news/article-14549915/Rumeysa-Ozturkk-visa-revoked-Tufts.html?ns_mchannel=rss&ns_campaign=1490&ito=1490
785686179cc7bea3a2b8e8263edb300207db640b659a9458df3018f1b391a167,2025-03-29 16:33:05.514336+00:00,en,usatoday.com,usatoday.com,2025-03-29,Muslims weigh whether to leave country as Trump travel ban looms,https://www.usatoday.com/story/news/nation/2025/03/29/muslims-trump-travel-ban-fear/82688759007/
c355015a145c589ce712bf2b91e8a515fb84786a76b8a4299d74c20424908455,2025-03-29 13:30:29.254993+00:00,en,theguardian.com,theguardian.com,2025-03-29,This op-ed could lead to me being deported from America,https://www.theguardian.com/commentisfree/2025/mar/29/trump-ice-deportation-universities
2d7948c6803815774a2d3d33f3d72e816fd2ee5ab2a11ed5b21a677a2fdd39c1,2025-03-29 12:24:22.487481+00:00,en,theatlantic.com,theatlantic.com,2025-03-29,We Study Repression in Turkey. Now We See It Here.,https://www.theatlantic.com/ideas/archive/2025/03/repression-turkey-we-see-it-here/682233/?utm_source=feed
3eecf231298cf82928955401f18aef6ff89a4277e19887d2ed3858afac831b76,2025-03-29 12:20:56.272249+00:00,en,independent.co.uk,independent.co.uk,2025-03-29,Student targeted by masked immigration officials can’t be deported without order,https://www.independent.co.uk/news/world/americas/us-politics/rumeysa-ozturk-tufts-university-detained-b2723731.html
4e48bb43f12af00f863067228797eb0bdf74fbf8819ba9f9fc370304fe2a3acf,2025-03-29 11:22:57.586418+00:00,en,cnn.com,cnn.com,2025-03-29,"A PhD student was snatched by masked officers in broad daylight. Then she was flown 1,500 miles away",https://www.cnn.com/2025/03/29/us/rumeysa-ozturk-tufts-university-arrest-saturday/index.html
27f31b22c2a8cbad3c31a7da17def6aa64eed73a4c3ab6411421586a9bfe1495,2025-03-29 10:19:17.918025+00:00,en,nytimes.com,nytimes.com,2025-03-29,Targeting of Tufts Student for Deportation Stuns Friends and Teachers,https://www.nytimes.com/2025/03/29/us/rumeysa-ozturk-tufts-student-detained.html
ac0d0c5e0963d878d1551b5c9326484ad7135bf2f47cfb8fd5075b001ee4676e,2025-03-29 05:22:18.846551+00:00,en,apnews.com,apnews.com,2025-03-28,"Tufts University student can't be deported to Turkey without court order, judge says",https://apnews.com/article/rumeysa-ozturk-deportation-tufts-7459607d8585cf0a624fb943a4738be3
8fd11503d709884ffd222f243c055073916320f21f3cb130e2fdb4c2dd3da410,2025-03-29 04:21:13.192488+00:00,en,cbsnews.com,cbsnews.com,2025-03-28,Tufts University student's visa revoked days before she was taken into custody in Massachusetts,https://www.cbsnews.com/boston/news/rumeysa-ozturk-tufts-student-visa-ice-custody-massachusetts/
1b89c6db036157b16a8646d6b910a5c2f8639d109ab2fc3814a46ce7ac899d84,2025-03-29 03:24:15.265312+00:00,en,abcnews.go.com,abcnews.go.com,2025-03-28,Immigrant students and scholars are being detained at remote facilities in Louisiana over objections,https://abcnews.go.com/US/wireStory/immigrant-students-scholars-detained-remote-facilities-louisiana-objections-120281275
0a354bec0595a649fcd5647a727b339d8a5cdc227b0fee9800fe2e5eb4a7ba8a,2025-03-29 03:22:12.730579+00:00,en,foxnews.com,foxnews.com,2025-03-28,Federal judge rules Trump administration cannot immediately deport Tufts student,https://www.foxnews.com/us/federal-judge-rules-trump-administration-cannot-immediately-deport-tufts-student
385e466c496ea1625cf22c54645a59307b06c57e7585f3ae8aa2fbe0037f7edf,2025-03-29 03:20:27.904068+00:00,en,abcnews.go.com,abcnews.go.com,2025-03-28,"Tufts University student can't be deported to Turkey without court order, judge says",https://abcnews.go.com/US/wireStory/tufts-university-student-deported-turkey-court-order-judge-120280326
1ab7dc2565e8791ff7259fc564fa5f9cce88527da4acc59446acb4c139a56216,2025-03-29 03:17:15.261942+00:00,en,reuters.com,reuters.com,2025-03-29,US judge halts deportation of Turkish student at Tufts,https://www.reuters.com/legal/us-judge-halts-deportation-turkish-student-tufts-2025-03-29/
1abc0610a9d05f8e66c56903b6b2ed34eb2e2572eff759bccf44f4ab952e9475,2025-03-29 02:26:01.170361+00:00,en,independent.co.uk,independent.co.uk,2025-03-28,Immigrant students and scholars are being detained at remote facilities in Louisiana over objections,https://www.independent.co.uk/news/louisiana-donald-trump-lawyers-columbia-university-new-orleans-b2723670.html
43297c56aa518df062d4b5d6f4cbc870680ae9ec8fcc25f5f31973c8080baf72,2025-03-29 02:24:07.712069+00:00,en,independent.co.uk,independent.co.uk,2025-03-28,"Tufts University student can't be deported to Turkey without court order, judge says",https://www.independent.co.uk/news/turkey-boston-massachusetts-hamas-donald-trump-b2723665.html
e08e8e09963d8806ad54dc1620e8927e1b30d4778bf7263e79affbdb43928f94,2025-03-29 01:18:01.679780+00:00,en,nypost.com,nypost.com,2025-03-28,Trump admin blocked from deporting Tufts PhD student Rumeysa Ozturk after ICE arrest in Boston,https://nypost.com/2025/03/28/us-news/federal-judge-puts-halt-on-trump-admins-attempt-to-deport-tufts-phd-student-arrested-in-boston/
a932893c7b522c3673fa83694b013cdc01dde5f987c6edf76c3a22ef61ac9c83,2025-03-29 00:23:00.074526+00:00,en,thegatewaypundit.com,thegatewaypundit.com,2025-03-28,"Mosab Abu Toha, Radical 'Gaza Poet' Brought to US to Teach at Syracuse University After Hamas' October 7 Attack on Israel, Cancels US Speaking Tour Out of Fear of Deportation by Trump",https://www.thegatewaypundit.com/2025/03/mosab-abu-toha-radical-gaza-poet-brought-us/
39c0138a726d46126aeb15eef612f76b1e9d23c2b050e9d5f9c763be3e1e6e04,2025-03-28 21:26:47.158304+00:00,en,independent.co.uk,independent.co.uk,2025-03-28,"Tufts student had asthma attack after ICE arrest, attorneys say",https://www.independent.co.uk/news/world/americas/us-politics/tufts-rumeysa-ozturk-ice-visa-arrest-b2723562.html
3016d7d256c16089e62224bd19dc4c7a6258236822b6eed02005d504c6123baf,2025-03-28 20:40:59.116382+00:00,en,breitbart.com,breitbart.com,2025-03-27,Secretary of State Marco Rubio: 300 Foreign Students Had Visas Revoked,https://www.breitbart.com/politics/2025/03/27/secretary-state-marco-rubio-300-foreign-students-visas-revoked/
55a1acee1bf5c61b218fa146a66077e7814a396de7c75ee7c3cc9a414e96aaf4,2025-03-28 20:17:35.616144+00:00,en,apnews.com,apnews.com,2025-03-28,Mahmoud Khalil's lawyers appear in New Jersey court over jurisdiction of Columbia activist's case,https://apnews.com/article/mahmoud-khalil-columbia-trump-immigration-deportation-gaza-b45e7d0f5c09655006560f69a02ea4e3
f45e3367421e443e2c85fe02d575a97e330c7bc9409cb72cfb4b6832c4de5af7,2025-03-28 19:51:50.441838+00:00,en,theguardian.com,theguardian.com,2025-03-28,Trump news at a glance: judge orders now-infamous Signal chat be retained as tariff fallout deepens,https://www.theguardian.com/us-news/2025/mar/28/president-donald-trump-administration-news-updates-today
45cd73591ab6d9cca8741411e03b759c70b6f7a5e920da029d96f4dcffa05cd3,2025-03-28 19:50:00.341691+00:00,en,theguardian.com,theguardian.com,2025-03-28,Russian scientist working at Harvard detained by Ice at Boston airport,https://www.theguardian.com/us-news/2025/mar/27/russian-scientist-harvard-medical-school-ice-detention
d2f85af6dec78d4082f74c875a71c0b12cff537df676cc95efbb948fc31dac87,2025-03-28 19:48:20.349798+00:00,en,theguardian.com,theguardian.com,2025-03-28,Many dead in Myanmar and Thailand after strong earthquake,https://www.theguardian.com/us-news/2025/mar/28/first-thing-many-dead-myanmar-thailand-earthquake
310f5dda51fe118886583dbe66d4de38107406aa9a8a77d257f5d2239718858b,2025-03-28 19:48:10.569264+00:00,en,theguardian.com,theguardian.com,2025-03-28,Another top US law firm strikes deal with Trump to avoid being targeted – US politics live,https://www.theguardian.com/us-news/live/2025/mar/28/donald-trump-white-house-washington-latest-live-us-politics-news
430aa977aa90d3aeae20be727d2d05b21415cbd0b1dc962dd3d8a2639ea041b4,2025-03-28 19:46:55.366971+00:00,en,theguardian.com,theguardian.com,2025-03-28,US issues broad order to consulates to vet student visas over ‘terrorist activity’,https://www.theguardian.com/us-news/2025/mar/28/student-visa-applications-denials
4ad1dc71c46c1e382d4cd7e4db6d71d040b9f411a4926042f09a928973631e34,2025-03-28 19:27:44.231933+00:00,en,abcnews.go.com,abcnews.go.com,2025-03-27,"Tufts student's visa was revoked due to activism, Rubio says",https://abcnews.go.com/US/tufts-students-visa-revoked-due-activism-rubio/story?id=120226954
9ee56309eea6b4fb9c2ffd0d5047365cf388486f4d09f99c3fe017962d3caf92,2025-03-28 19:20:39.354573+00:00,en,newsweek.com,newsweek.com,2025-03-28,"Khalil's attorney hits out at ""retaliatory arrest"" as judge weighs case",https://www.newsweek.com/mahmoud-khalil-new-jersey-hearing-ice-detention-trump-administration-2052246
01e378a8da7c6cb410c1b5bf6a17fef4409e8fa451c08957706e2cda134327e3,2025-03-28 18:36:03.744477+00:00,en,theguardian.com,theguardian.com,2025-03-28,The US government is effectively kidnapping people for opposing genocide,https://www.theguardian.com/commentisfree/2025/mar/28/rumeysa-ozturk-tufts-trump-immigration-gaza
d982f2fe7597abe4e34ba017f0100c31a6efbfdca18ea39e1cd1a85a45c236b2,2025-03-28 18:27:57.538968+00:00,en,independent.co.uk,independent.co.uk,2025-03-28,The Latest: Trump effect: Fewer Americans now see Canada as a close US ally,https://www.independent.co.uk/news/world/europe/donald-trump-supreme-court-canada-west-virginia-usha-vance-b2723505.html
8119afdd702b9c74e84eeb764a36cb00e65ba19125819c0b6620c832c88d1f11,2025-03-28 17:25:57.058851+00:00,en,foxnews.com,foxnews.com,2025-03-28,"Tufts University student arrest: Top Dems want answers from Noem, Rubio, ICE on 'deeply troubling' incident",https://www.foxnews.com/us/tufts-university-student-arrest-top-dems-want-answers-from-noem-rubio-ice-deeply-troubling-incident
c165d2b380af76cf1a1b0cc6d6380b1434363672dbd820c0ded6760318230fdc,2025-03-28 17:20:40.830519+00:00,en,thegatewaypundit.com,thegatewaypundit.com,2025-03-28,"Under U.S. Law, No Trial Required: Violate Your Visa, Face Deportation",https://www.thegatewaypundit.com/2025/03/under-u-s-law-no-trial-required-violate/
782f1be4ed980575e6ac383e96f0b56340785f88d6030860af06c5cfc8ac1eec,2025-03-28 16:18:15.878208+00:00,en,newsweek.com,newsweek.com,2025-03-28,Filipino ambassador issues warning to US green card holders amid crackdown,https://www.newsweek.com/filipino-ambassador-jose-manuel-romualdez-warning-green-cards-trump-2052055
b93f70b4d346e919fb97f5ea6405f32b7fd2278fca73e7e9c7c423fb9f5a7f91,2025-03-28 15:33:58.405402+00:00,en,independent.co.uk,independent.co.uk,2025-03-28,At a glance: Who has been detained or deported in a US crackdown on pro-Palestinian protesters,https://www.independent.co.uk/news/world/americas/columbia-donald-trump-israel-louisiana-gaza-b2723446.html
f0a3e741255ea1a3b3169c92ca3c5990628daa07a3356e71a305b866a44173bf,2025-03-28 14:23:00.271294+00:00,en,newsweek.com,newsweek.com,2025-03-28,Mahmoud Khalil challenges US deportation in federal court: Live Updates,https://www.newsweek.com/mahmoud-khalil-deportation-hearing-trump-columbia-university-live-updates-2052013
6b8e8706c3cd9d8817bb3b0c00af458a1c8a155d42cbd06286772463141fbd1e,2025-03-28 12:18:53.235014+00:00,en,nbcnews.com,nbcnews.com,2025-03-28,Hundreds of student visas revoked and Greenlanders' anti-American sentiment: Morning Rundown,https://www.nbcnews.com/news/us-news/student-visas-revoked-greenland-america-sentiment-morning-rundown-rcna198516
dbd9996bdde87d7f411255a3094dcf1abaa5bfa949db40d7fb2fd1330a7030bc,2025-03-28 12:18:01.112638+00:00,en,nbcnews.com,nbcnews.com,2025-03-28,Detained Tufts student's lawyer says immigration officials are 'stalking Muslim students' during Ramadan,https://www.nbcnews.com/news/us-news/detained-tufts-students-lawyer-says-immigration-officials-are-stalking-rcna198523
80ffbc4a76e04dcfaea4e07ec07f3a60a544487a08268f5172bca4c0f03c2d46,2025-03-28 11:32:27.476459+00:00,en,newsweek.com,newsweek.com,2025-03-28,ICE accused of stalking Muslims,https://www.newsweek.com/ice-arrest-tufts-college-student-rumeysa-ozturk-2051896
ff96d4eedc51a2f5d77504d525883c0337982edca12961c97b69c806d891b198,2025-03-28 10:32:52.010356+00:00,en,latimes.com,latimes.com,2025-03-28,California international students on alert as Trump ramps up arrests of pro-Palestine activists,https://www.latimes.com/california/story/2025-03-28/california-pro-palestinian-student-activists-trump-visa-cancelations-immigration-arrests
f3cacab469f8695bdd692c55f9f591361b16b40c4c531395d061a216e620849f,2025-03-28 09:28:10.734697+00:00,en,cbsnews.com,cbsnews.com,2025-03-28,"Outrage grows after Tufts student detained by ICE, Marco Rubio defends action",https://www.cbsnews.com/boston/news/tufts-university-student-detained-rumeysa-ozturk-somerville-protest/
6a5e3c26b5f190fbc54f68aeebfc1984e8797ce1db7bfa8713581791864330d3,2025-03-28 09:17:22.263757+00:00,en,huffpost.com,huffpost.com,2025-03-27,University Of Alabama Student Detained By Federal Immigration Agents,https://www.huffpost.com/entry/ice-arrests-iranian-student-university-of-alabama_n_67e561f3e4b08ebfbbf98c73
527147d708f292eb7fdef1305c986eb9f704be97ae49fd2bb61fb0fdd81b7eff,2025-03-28 06:17:31.960331+00:00,en,cbsnews.com,cbsnews.com,2025-03-27,"Marco Rubio says 300 student visas have been revoked, including detentions at Tufts, Columbia and more",https://www.cbsnews.com/texas/news/marco-rubio-student-visas-revoked-ice-tufts-columbia-university/
7c22a02f8b6c131a8717f95bca599cb778a9cea358bf62bb9d80f8fd147cb9f6,2025-03-28 04:25:37.752590+00:00,en,thegatewaypundit.com,thegatewaypundit.com,2025-03-28,Marco Rubio Perfectly Explains to the Media Why Some Students Are Losing Their Visas and Getting Deported (VIDEO),https://www.thegatewaypundit.com/2025/03/marco-rubio-perfectly-explains-media-why-some-students/
82f159841a5ba57ac6b0f5391acdce3020105255312ccc6894cd04e909586def,2025-03-28 03:21:55.873723+00:00,en,nbcnews.com,nbcnews.com,2025-03-27,Tufts University student from Turkey is detained,https://www.nbcnews.com/nightly-news/video/tufts-university-student-from-turkey-is-detained-235608645916
b4d00a111665aad645b4748c088d3843a868145657ac9d11644a881563ce035c,2025-03-28 03:20:37.032839+00:00,en,nbcnews.com,nbcnews.com,2025-03-28,"Trump takes aim at foreign-born college students, with 300 visas revoked",https://www.nbcnews.com/news/us-news/trump-administration-takes-aim-immigrant-students-rcna198346
242af12347d6ed9603fadb7dd6efed2c7d23cf11c7066bdb16efaa87e01da5ac,2025-03-28 01:17:46.622678+00:00,en,thegatewaypundit.com,thegatewaypundit.com,2025-03-27,"Video Shows Masked ICE Agents Swarm and Arrest Turkish National, Tufts Doctoral Student Outside Her Massachusetts Home",https://www.thegatewaypundit.com/2025/03/video-shows-masked-ice-agents-swarm-arrest-turkish/
13fd3b900810f5d1b537e8e9da4790be08ced326d2b33362e1783bc1dff7f443,2025-03-28 00:17:49.061987+00:00,en,nypost.com,nypost.com,2025-03-27,Marco Rubio says he’s revoked at least 300 student visas from campus agitators: ‘Looking every day for these lunatics’,https://nypost.com/2025/03/27/us-news/marco-rubio-says-hes-revoked-least-300-student-visas-from-campus-agitators-looking-every-day-for-these-lunatics/
e91a2cf18b268a9d45b8182fe06103a7a24094d067027d7a72c4ae090fe0fc1e,2025-03-27 23:27:19.220058+00:00,en,cbsnews.com,cbsnews.com,2025-03-27,"Marco Rubio says 300 student visas have been revoked, including detentions at Tufts, Columbia and more",https://www.cbsnews.com/news/marco-rubio-student-visas-revoked-ice-tufts-columbia-university/
13acab8430187586779867c895683756eb17dca84e8d763e13deef6218fa48fc,2025-03-27 23:26:08.939536+00:00,en,cbsnews.com,cbsnews.com,2025-03-27,"Marco Rubio says 300 student visas have been revoked, including detentions at Tufts, Columbia and more",https://www.cbsnews.com/miami/news/marco-rubio-student-visas-revoked-ice-tufts-columbia-university/
9e08c1650466f006d04d003728970f6b450051d66302dcfc068f4a977a23a21e,2025-03-27 23:19:10.630956+00:00,en,dailymail.co.uk,dailymail.co.uk,2025-03-27,Trump administration hints at why hijab-wearing student was seized by ICE,https://www.dailymail.co.uk/news/article-14544675/trump-administration-hijab-wearing-student-seized-ice.html?ns_mchannel=rss&ns_campaign=1490&ito=1490
4e9df5c00b1fbaf15db74774b7445c7a7953266da78db10501c2364e6900022e,2025-03-27 22:23:35.726261+00:00,en,people.com,people.com,2025-03-27,Tufts Student Taken by Masked ICE Officers While Walking to Meet Friends. Her Arrest Video Is Raising Questions,https://people.com/tufts-student-arrested-by-masked-ice-officers-in-shocking-video-11704582
bf0fa099c8d516869232538a22dd9718c17db1bfebe59d34703cd557caa37b21,2025-03-27 22:23:18.069786+00:00,en,newsweek.com,newsweek.com,2025-03-27,Map shows where ICE has targeted pro-Palestinian students,https://www.newsweek.com/map-students-targeted-ice-arrests-pro-palestinian-protests-2051718
bd2d67e64c4cdd2c980bc85fddb4b8860ac89bf1bfb74310440321a1fb5ed476,2025-03-27 22:17:57.068308+00:00,en,nytimes.com,nytimes.com,2025-03-27,"State Department Revoked Visa of Tufts University Student, Rubio Says",https://www.nytimes.com/video/us/politics/100000010076948/rubio-tufts-student-detained-visa-rumeysa-ozturk.html
d5339d935d06235a7b84b600878afa9f3ee7827eff0e01985ac7f9127954e0b7,2025-03-27 21:23:31.776419+00:00,en,latimes.com,latimes.com,2025-03-27,Turkish student at Tufts University is latest Palestinian supporter swept up in U.S. crackdown,https://www.latimes.com/world-nation/story/2025-03-27/turkish-student-at-tufts-university-is-latest-palestinian-supporter-swept-up-in-us-crackdown
7e51c56befc8a822c9ca176410c38da0e5ae535dbc02a1af0d8831fc0fad3c24,2025-03-27 20:42:32.811812+00:00,en,newsweek.com,newsweek.com,2025-03-27,Trump administration issues visa update as ICE detains university students,https://www.newsweek.com/trump-administration-visa-update-ice-detentions-2051679
49c9a99323bde0ae274a77241d082f14357d0c265fb3ffaf287e8a77bf61f56a,2025-03-27 20:34:58.221051+00:00,en,huffpost.com,huffpost.com,2025-03-26,Tufts University Student Detained By Federal Agents On Way To Break Ramadan Fast,https://www.huffpost.com/entry/rumeysa-ozturk-canary-mission-tuft-university_n_67e44604e4b00db00a39340e
af743dce48e65cfa0dfc3e3bc2b1ab10a5d73ec54df7c4bbdc682b024f92a497,2025-03-27 20:25:52.310789+00:00,en,cbsnews.com,cbsnews.com,2025-03-27,ICE detains University of Alabama doctoral student,https://www.cbsnews.com/news/ice-detains-university-of-alabama-doctoral-student/
c3f90c32e11fdfd800debf8281bc4fb646ebd002cf4022653560b9cfc4572bc6,2025-03-27 19:55:48.573284+00:00,en,theguardian.com,theguardian.com,2025-03-27,Rubio says he has canceled the visas of more than 300 people linked to pro-Palestine protests,https://www.theguardian.com/us-news/2025/mar/27/state-department-visas-pro-palestine-protesters
715d440bdbfc6cc7bb89dd1fa89f686249522027b144e56d5882e2f6ae94dfe3,2025-03-27 19:55:38.572464+00:00,en,theguardian.com,theguardian.com,2025-03-27,Footage shows masked Ice agents detaining Tufts graduate student,https://www.theguardian.com/us-news/2025/mar/26/ice-agents-detain-tufts-university-graduate-student
e1c58b23bea8ebac2f353c6cfe6b074260362943da7baff6e2464922d695eaf0,2025-03-27 19:54:08.588740+00:00,en,theguardian.com,theguardian.com,2025-03-27,‘Dagger through the heart’: outcry as Ice detains University of Alabama student,https://www.theguardian.com/us-news/2025/mar/26/ice-university-of-alabama-doctoral-student
7197171fc786107ca30adedccc8f9cfb6e684f8843417f689aaa7366c169d4c9,2025-03-27 19:41:59.157260+00:00,en,theguardian.com,theguardian.com,2025-03-27,Judges rule against Trump in several cases including trans military ban,https://www.theguardian.com/us-news/2025/mar/27/trump-court-block-trans-military-ban
3f85ab215fc683520c0607079655aca71626b38cb114f9d3910151b9e801a9ad,2025-03-27 19:40:44.060339+00:00,en,theguardian.com,theguardian.com,2025-03-27,DoJ lawyers say detained Tufts student was sent to Louisiana before court order,https://www.theguardian.com/us-news/2025/mar/27/judge-explanation-tufts-student-rumeysa-ozturk-ice
9f314e763c2d17001e18b41d3de2fb94fc5efc8205c288603800078d29a23660,2025-03-27 19:39:58.627170+00:00,en,cnn.com,cnn.com,2025-03-27,Elie Honig explains the law DHS is relying on to detain visa student,https://www.cnn.com/2025/03/27/us/video/tufts-student-rumeysa-ozturk-detained-honig-sitroom-digvid
1b57142d4d4d0bae37eb51ea0447804832a92aacca3c8812b54903521a64e5f1,2025-03-27 19:32:01.719612+00:00,en,dailymail.co.uk,dailymail.co.uk,2025-03-27,Mystery deepens over ICE arrest of hijab-wearing student as Trump ships her to surprising location,https://www.dailymail.co.uk/news/article-14542959/hijab-wearing-tufts-university-student-seized-ice-boston-louisiana.html?ns_mchannel=rss&ns_campaign=1490&ito=1490
7cb1848448331a4b9e87ba5d2288359e6b934b48823b549ab4fa4b8a7931f396,2025-03-27 19:29:52.000382+00:00,en,foxnews.com,foxnews.com,2025-03-27,Rubio warns visas will be revoked for all foreign student ‘activists’ amid Tufts arrest,https://www.foxnews.com/world/rubio-warns-visas-revoked-all-foreign-student-activists-amid-tufts-arrest
cbb646ecf393c9a0a2cc8057152dd88e107d1e2eab0512f4dfb0727e144e2e10,2025-03-27 19:29:48.981928+00:00,en,abcnews.go.com,abcnews.go.com,2025-03-27,"University of Alabama graduate student detained by ICE, school says",https://abcnews.go.com/US/university-alabama-graduate-student-detained-ice-school/story?id=120220787
851b88007677e60d05fd648d18d2224084f8f56e1212ed1aba7815d0d503fe4c,2025-03-27 19:20:15.355688+00:00,en,independent.co.uk,independent.co.uk,2025-03-27,What to know about the Tufts student detained by ICE,https://www.independent.co.uk/news/world/americas/us-politics/rumeysa-ozturk-tufts-ice-arrest-b2722801.html
8681f0a4f563888ba2532a99252469d26b7304c2473a9ef16a1562c5a08e11f8,2025-03-27 17:27:14.157641+00:00,en,cbsnews.com,cbsnews.com,2025-03-27,"Rumeysa Ozturk, Tufts student, detained; video shows masked people handcuffing her",https://www.cbsnews.com/chicago/video/rumeysa-ozturk-tufts-student-detained-video-shows-masked-people-handcuffing-her/
f6a8782dd63a2646036d8ce3a53e77f070870d7644efc2af5d688f81dabe9475,2025-03-27 16:46:16.168135+00:00,en,usatoday.com,usatoday.com,2025-03-26,Federal agents detain Tufts University grad student from Turkey,https://www.usatoday.com/story/news/politics/2025/03/26/federal-agents-detain-tufts-university-student-turkey/82674919007/
3d8f54dcbe978eb769b6705e40e203998e15616749d3e0174ce074681e5600f3,2025-03-27 16:44:34.877265+00:00,en,usatoday.com,usatoday.com,2025-03-27,"Greenland, Vance, Trump, ICE, deportation, immigration, Signal, security, tariff, skating, MLB: Daily Briefing",https://www.usatoday.com/story/news/2025/03/27/greenland-ice-immigration-deportation-trump-tariff-signal-security-skating-mlb-march-madness/82685525007/
1ee958aff9cb31e1150f745b7c06c775bad00de92ebf1ec57e6ffa9ad692d82d,2025-03-27 16:43:04.548182+00:00,en,usatoday.com,usatoday.com,2025-03-27,"ICE detains Alireza Doroudi, University of Alabama doctoral student",https://www.usatoday.com/story/news/nation/2025/03/27/ice-detains-alireza-doroundi-university-of-alabama-doctoral-student/82685586007/
4f224a50d72fb8049c4bfdf9a392506bb125416d78a7334ca5edb29f8aa5cc16,2025-03-27 16:34:38.269707+00:00,en,newsweek.com,newsweek.com,2025-03-27,"Tufts' student's ICE arrest makes ""absolutely no sense,"" friend says",https://www.newsweek.com/rumeysa-ozturk-ice-detention-friend-teachers-college-2051461
c3783587297999c19f6e0be9ae8886768d55528bcba29f4edbd2544265c04ba8,2025-03-27 16:31:16.564891+00:00,en,nbcnews.com,nbcnews.com,2025-03-27,"At Columbia University, Trump’s crackdown chills a fervent campus",https://www.nbcnews.com/news/us-news/columbia-university-protests-trump-crackdown-rcna198016
fb04ab09ec717bda3aac121675a3733f1029c9be243aad8f1ba5bad0ab968b56,2025-03-27 16:27:42.185079+00:00,en,foxnews.com,foxnews.com,2025-03-27,Video shows arrest of Tufts University student for allegedly supporting Hamas,https://www.foxnews.com/us/video-shows-arrest-tufts-university-student-allegedly-supporting-hamas
67174bf3eed6fadeeebd4a5d4543e0aa460563ed158d90d96b8e2e2b6ada613c,2025-03-27 16:20:31.681502+00:00,en,apnews.com,apnews.com,2025-03-27,Turkish student at Tufts University is latest Palestinian supporter swept up in US crackdown,https://apnews.com/article/tufts-student-detained-massachusetts-immigration-08d7f08e1daa899986b7131a1edab6d8
0dd27066c6c6423abbf5305ddc125ac6ccb47dbadc454f21c71cfefd56cf4a7b,2025-03-27 16:20:17.258117+00:00,en,cbsnews.com,cbsnews.com,2025-03-27,Video shows Tufts graduate student Rumeysa Ozturk detained by ICE on way to Ramadan Iftar dinner,https://www.cbsnews.com/news/tufts-graduate-student-detained-rumeysa-ozturk-video/
2f03ca3ed82682213f66782eace41ba4ab9fb62acd40f35ba63abd9022a8b80e,2025-03-27 15:30:01.665275+00:00,en,forbes.com,forbes.com,2025-03-27,What We Know About Rumeysa Ozturk—Tufts Student Detained By ICE,https://www.forbes.com/sites/conormurray/2025/03/27/what-we-know-about-rumeysa-ozturk-tufts-student-detained-by-ice/
31f3ce4ede4dde3220f21d2bb84f79e7e786eac11590e80c4f1d5a1979816b7c,2025-03-27 15:26:41.210389+00:00,en,independent.co.uk,independent.co.uk,2025-03-27,Video shows moment ICE arrested Tufts University doctoral student,https://www.independent.co.uk/news/world/americas/us-politics/rumeysa-ozturk-tufts-university-ice-arrest-b2722397.html
6a9790612bef140256c35e88d03aff5428a20fd7b8c948182b43fe27de73a7e7,2025-03-27 15:25:26.471836+00:00,en,independent.co.uk,independent.co.uk,2025-03-27,Lawyer for Turkish student at Tufts University detained by feds calls for government to produce her,https://www.independent.co.uk/news/world/americas/hamas-israel-boston-turkish-donald-trump-b2722653.html
b851b2b5a743112ae08ee2a0c22e0f70059c9ce8474bde75ab5142f4d65f3db0,2025-03-27 15:23:14.359879+00:00,en,nbcnews.com,nbcnews.com,2025-03-27,ICE detains University of Alabama doctoral student as government's college crackdown continues,https://www.nbcnews.com/news/us-news/university-alabama-doctoral-student-detained-ice-governments-college-c-rcna198320
57906ee215ce5832cc7a63dadaedc39d43ae3d82f81698f658731269fe244fcb,2025-03-27 14:34:29.390162+00:00,en,cbsnews.com,cbsnews.com,2025-03-27,Video shows Tufts graduate student Rumeysa Ozturk detained by ICE on way to Ramadan Iftar dinner,https://www.cbsnews.com/boston/news/tufts-graduate-student-detained-rumeysa-ozturk-video/
622eb39bdbd50189087f756eff8ef188a52ea43955b231005f1a127b21194a86,2025-03-27 14:34:19.223277+00:00,en,cbsnews.com,cbsnews.com,2025-03-26,"Tufts University student Rumeysa Ozturk held by ICE in Louisiana, protesters demand release",https://www.cbsnews.com/boston/news/tufts-university-student-rumeysa-ozturk-detained-protest/
6eb83aa0494f3020890c4604067ead100749081c8a6733ee57e59cad7ae9b23e,2025-03-27 14:29:57.062243+00:00,en,nypost.com,nypost.com,2025-03-27,University of Alabama PhD student detained by federal immigration officials,https://nypost.com/2025/03/27/us-news/university-of-alabama-phd-student-detained-by-federal-immigration-officials/
787e619e293468c3865ff936d3637a79d70bb96260c53711273bc3aa24df649b,2025-03-27 11:27:21.015685+00:00,en,cnn.com,cnn.com,2025-03-27,"5 things to know for March 27: Yemen group chat, Health care funding, Auto tariffs, Social Security, Tufts student detained",https://www.cnn.com/2025/03/27/us/5-things-to-know-for-march-27-yemen-group-chat-health-care-funding-auto-tariffs-social-security-tufts-student-detained/index.html
a892efd7b35f4ddd3f1515cb57a98c59bb1c7c52a5fe4c4af93b891f45dc76b1,2025-03-27 11:24:16.544468+00:00,en,cnn.com,cnn.com,2025-03-27,"What we know about Rumeysa Ozturk, the Tufts University student detained by federal agents",https://www.cnn.com/2025/03/27/us/rumeysa-ozturk-detained-what-we-know/index.html
5b3fa9003c9e7da5ca44cb2dd37d9be4ebe0e6cf75255060bfe24e48f61a871c,2025-03-27 11:23:26.155488+00:00,en,cnn.com,cnn.com,2025-03-26,Surveillance video shows moment Tufts student is arrested by federal agents,https://www.cnn.com/2025/03/26/us/video/tufts-student-detained-rumeysa-ozturk-ice-digvid
4bb0fbf3e9b881516d48e2ec4f0d9c6be169764c90383e85ef7cabcf6c9a811a,2025-03-27 10:30:10.449031+00:00,en,independent.co.uk,independent.co.uk,2025-03-27,Trump slaps 25% tariff on cars; threatens Canada and E.U. with higher levies: Live,https://www.independent.co.uk/news/world/americas/us-politics/trump-auto-tariffs-cars-canada-eu-fertilization-live-news-today-b2722488.html
6ba077a93f7207ae6ea80f5f178cd863c38cbbe9b1f03e07faca117266e5184d,2025-03-27 10:18:40.008472+00:00,it,reuters.com,reuters.com,2025-03-27,"Usa, amministrazione Trump trattiene studentessa turca e le revoca il visto",https://www.reuters.com/it/mondo/usa-amministrazione-trump-trattiene-studentessa-turca-e-le-revoca-il-visto-2025-03-27/
872ceaf6edd45b0e8ad7cedda9b0d3b1e7b98decc6dd94461cabf09b8b80968b,2025-03-27 04:26:46.254962+00:00,en,abcnews.go.com,abcnews.go.com,2025-03-26,"Turkish student at Tufts University detained, video shows masked people handcuffing her",https://abcnews.go.com/US/wireStory/turkish-student-tufts-university-detained-video-shows-masked-120185519
5526c13d7c9131dcb1517ea411919ead1b15ca2af2fed4944cbdd92712f468c4,2025-03-27 01:21:13.143204+00:00,en,nytimes.com,nytimes.com,2025-03-26,Surveillance Footage Shows Arrest of Tufts University Student,https://www.nytimes.com/video/us/100000010075008/tufts-student-ice-arrest.html
312bbb39ce1e7d9c35ac6ae557be602f946b41ab4618adbe4afafa583a328d1b,2025-03-27 01:19:52.065935+00:00,en,nytimes.com,nytimes.com,2025-03-26,ICE Agents Detain University of Alabama Doctoral Student,https://www.nytimes.com/2025/03/26/us/ice-detains-doctoral-student-university-alabama.html
d6ba9545e7d551d748111ae8cfd18428620820bb558dcd773550a99bd0ab3e0a,2025-03-26 23:21:50.368927+00:00,en,apnews.com,apnews.com,2025-03-26,"Turkish student at Tufts University detained, video shows masked people handcuffing her",https://apnews.com/article/tufts-student-detained-massachusetts-immigration-6c3978da98a8d0f39ab311e092ffd892
ba917544f3111cafa057992dcaeb8101c68ed6ae00403e8bf9ebd7f25f619ef7,2025-03-26 22:23:50.579808+00:00,en,newsweek.com,newsweek.com,2025-03-26,Who is Rumeysa Ozturk? Tufts University student detained by ICE,https://www.newsweek.com/rumeysa-ozturk-tufts-student-detained-ice-canary-mission-2051085
ef8d6b66c7f67319a48351bc7d44902e363088519e8835bbd16d0cbcbfaea69e,2025-03-26 21:25:42.649671+00:00,en,latimes.com,latimes.com,2025-03-26,Turkish student at Tufts University is detained; video shows masked people handcuffing her,https://www.latimes.com/world-nation/story/2025-03-26/turkish-student-at-tufts-university-detained-video-shows-masked-people-handcuffing-her
d5b18414d9fc20494a566627e1017758a45903f980ff7f962fce53a5d8e89493,2025-03-26 21:00:26.827185+00:00,en,dailymail.co.uk,dailymail.co.uk,2025-03-26,Furious Turkish student in hijab filmed being detained by ICE as she went to break Ramadan fast,https://www.dailymail.co.uk/news/article-14540283/turkish-student-hijab-filmed-detained-ice-ramadan-tufts-university.html?ns_mchannel=rss&ns_campaign=1490&ito=1490
a2909a5468a75d055238c2369a0cd240e7a2a0632aa4171466f8cdd16f70f568,2025-03-26 20:33:00.846839+00:00,en,independent.co.uk,independent.co.uk,2025-03-26,"Turkish student at Tufts University detained, video shows masked people handcuffing her",https://www.independent.co.uk/news/united-states-turkish-boston-somerville-donald-trump-b2722198.html
5bae417e60d3ea51f8d4afe88203dc39210568136b205902d066b1761b6c7aad,2025-03-26 20:25:48.283407+00:00,en,cbsnews.com,cbsnews.com,2025-03-26,Tufts University student taken into immigration custody by federal agents in Massachusetts,https://www.cbsnews.com/boston/news/tufts-university-graduate-student-somerville-ice/
2050a0ea044f9ca894ae7a2e251158146ed7a8eec08497bc191279bd128db796,2025-03-26 19:28:53.682874+00:00,en,abcnews.go.com,abcnews.go.com,2025-03-26,"Tufts PhD student on visa arrested by immigration authorities, school says",https://abcnews.go.com/US/tufts-phd-student-visa-arrested-immigration-authorities/story?id=120176245
9e195157bb053a6c657019f2d38e08fcb5485990409bbb7db50303935657a74e,2025-03-26 18:29:07.732466+00:00,en,foxnews.com,foxnews.com,2025-03-26,ICE detains Tufts University student amid Trump admin's campus crackdown,https://www.foxnews.com/us/ice-detains-tufts-university-student-amid-trump-admins-campus-crackdown
9b096f649487b786ab5a71acb57f37a14a511787513d9ab04ab793cb894b6b25,2025-03-26 18:27:57.896481+00:00,en,cbsnews.com,cbsnews.com,2025-03-26,"Tufts University graduate student taken into custody by federal agents in Massachusetts, school says",https://www.cbsnews.com/news/tufts-university-graduate-student-somerville-ice/
2d13d836eb0b1c348baa49c4d0abd2aeedd723e2dc380404090274a7412aa589,2025-03-26 18:23:21.822574+00:00,en,independent.co.uk,independent.co.uk,2025-03-26,Trump news today live: Press secretary claims Signal texts were not war plans,https://www.independent.co.uk/news/world/americas/us-politics/trump-news-today-signal-chat-live-updates-b2722115.html
658033065e264846f5801e6fc2bdfb7f6efb375559923304cb2e491853b0b890,2025-03-26 16:23:58.391051+00:00,en,independent.co.uk,independent.co.uk,2025-03-26,"ICE arrests Tufts University doctoral student and revokes her visa, school says",https://www.independent.co.uk/news/world/americas/us-politics/rumeysa-izturk-ice-arrest-tufts-university-b2721958.html
27af17de144d52f0817b9e15cfb6c74cf1499b39f7258175202e838887f130ab,2025-03-26 16:21:34.960777+00:00,en,nbcnews.com,nbcnews.com,2025-03-26,Federal immigration authorities detain international Tufts graduate student,https://www.nbcnews.com/news/us-news/federal-immigration-authorities-detain-international-tufts-graduate-st-rcna198158
afcb3a166868c3cdeb2dd8ab1a461fd937d9ed6593fe91791355541bd867200c,2025-03-26 16:17:17.012675+00:00,en,nytimes.com,nytimes.com,2025-03-26,Tufts Student Detained by ICE,https://www.nytimes.com/2025/03/26/us/ice-tufts-student-detained-rumeysa-ozturk.html
